Genre,teas1,teas2,teas3,teas4,teas5,Gender,ethn,trait1,trait2,trait3
Action,"Meet {name} {surname}, a rogue ex-Navy SEAL, who defies the odds to fight for justice. After discovering a sinister conspiracy that threatens the world, {name} battles his way through a gauntlet of danger and betrayal. Armed with unmatched skills and unbreakable determination, {he_she}'ll stop at nothing to save humanity. Brace yourself for a high-octane adventure as {name} faces off against the deadliest foes imaginable. Witness the birth of a new action hero in ""Vengeance Unleashed.""","When a mysterious artifact is stolen, antiquities hunter and martial arts expert {name} {surname} is the only one capable of retrieving it. As {he_she} delves into the dangerous underworld of black-market artifacts, {he_she} uncovers a deadly secret that could change history. {name} will have to rely on {his_her} cunning, combat skills, and unyielding spirit to outwit the ruthless villains and protect the world. Get ready to embark on a heart-pounding journey full of treachery and jaw-dropping action in ""The Relic Hunter.""","In a futuristic city controlled by powerful corporations, renegade cybernetic detective {name} {surname} fights to expose the truth. As {he_she} uncovers a labyrinth of corruption and deceit, {he_she} must confront the demons of {his_her} own past to save the city {he_she} loves. With {his_her} unique blend of high-tech gadgetry and brutal combat skills, {name} will risk everything to bring the corrupt to their knees. Prepare for a pulse-pounding, cyberpunk thrill ride that will keep you on the edge of your seat in ""Neon Justice.""",,,Male,Caucasian,Physically strong,Fearless,Lone hero
Adventure,"In a world ravaged by ancient monsters, fearless adventurer and archaeologist Dr. {name} {surname} races against time to uncover the long-lost city of Atlantis. Armed with unyielding determination and unmatched wit, {he_she} must decode cryptic clues left behind by an ancient civilization. As {he_she} plunges deeper into uncharted territory, {name} discovers that the key to saving humanity lies within the forgotten city. But will {he_she} unlock the secrets before it's too late? Join Dr. {surname} on an exhilarating journey that will change the course of history.","Deep within the Amazon rainforest, spirited pilot and explorer {name} ""Sky"" {surname} embarks on the adventure of a lifetime. Searching for a mythical artifact with the power to alter the world's fate, {name}'s passion and courage are put to the test. But {he_she}'s not the only one seeking the treasure, as a ruthless adversary with a dark agenda threatens to change everything. As the race against time intensifies, {name} must navigate the treacherous jungle and unmask the truth behind the legend. Witness the breathtaking quest where nothing is what it seems.","In a post-apocalyptic wasteland, a daring nomad named {name} sets out on an epic quest to restore balance to the shattered world. With unmatched combat skills and a heart of gold, {name} must navigate treacherous landscapes filled with ruthless warlords and mutated creatures. Along the way, {he_she} discovers an ancient prophecy that could bring about a new era of peace. But will {name}'s resilience and determination be enough to overcome the insurmountable odds? Brace yourself for an unforgettable adventure that redefines the limits of human courage.",,,Male,Caucasian,Brave,Intelligent,Explorer
Sci-Fi,"In a distant future, mankind faces extinction at the hands of an advanced alien race. Meet {name}, a brilliant but rebellious engineer with a rare gift for communicating with alien technology. When a mysterious artifact is discovered, {name} is humanity's last hope to decipher its secrets and find the key to survival. As {he_she} ventures into uncharted territory, {he_she}'ll uncover not only the truth about the aliens but {his_her} own destiny as well. Witness the thrilling journey of a {gender} destined to change the course of history in ""The Celestial Code.""","Earth has been enveloped in a never-ending darkness, with humanity surviving in artificially lit cities. Introducing {name}, a former solar engineer who's been haunted by his past mistakes. After stumbling upon a conspiracy that could plunge the world into eternal darkness, {name} must harness {his_her} knowledge of the lost solar technology to bring back the light. Navigating treacherous terrain and sinister enemies, can {he_she} reignite hope for humanity? Prepare for a gripping and electrifying adventure in ""Solar Requiem.""","A catastrophic event has left Earth uninhabitable, forcing humanity to seek refuge on a distant planet. Enter Dr. {name} {surname}, a renowned astrobiologist with an insatiable curiosity and an unwavering spirit. As {he_she} explores this new world, {he_she} encounters a species of sentient lifeforms with a unique connection to Earth's past. As alliances are forged and secrets unravel, {name} must decide the fate of two worlds, forever entwined. Witness an interstellar odyssey of discovery and redemption in ""Echoes of Terra.""",,,Male,Caucasian,Genius,Introverted,Innovator
Romantic Comedy,"Meet {name}, a quirky, lovable librarian who's always got {his_her} nose in a book. When a mysterious, charming stranger enters {his_her} library, {his_her} world gets turned upside down. Can {he_she} find the courage to step out of the pages and into {his_her} own love story? Watch as these two bibliophiles come together, unraveling secrets and discovering the power of true love in ""Love Between the Stacks.""","Introducing {name}, a shy, introverted baker who's just opened his dream bakery. When a captivating food critic named Emma comes to review his creations, they find themselves drawn to each other. As they navigate the sweet and savory world of pastries, they'll discover that love is the most delicious recipe of all. Join {name} and Emma in ""Sugar-Coated Love"" for a delightful, heartwarming journey into the world of romance.","In ""Love on the Dance Floor,"" follow {name}, a free-spirited dance instructor who's determined to find {his_her} perfect partner. When a clumsy, endearing businessman named Jack enrolls in {his_her} class, their chemistry is undeniable. As they waltz through their differences, they'll learn that the most important steps in life aren't always choreographed. Watch as these two unlikely hearts tango their way into each other's arms in this laugh-out-loud romantic comedy.",,,Female,Caucasian,Quirky,Clumsy,Hopeless romantic
Horror,"Darkness Falls: When an ancient curse returns to the small town of Ravenwood, introverted historian {name} {surname} must confront {his_her} darkest fears. Armed with {his_her} knowledge of local legends, {he_she} finds herself in a race against time to save {his_her} community from the vengeful spirits. In the shadows, terror awaits, and Emily must face {his_her} past to secure her future. Darkness Falls - where history and horror collide.","Whispering Woods: Deep in the heart of the Whispering Woods, deaf park ranger {name} {surname} discovers an abandoned cabin with a sinister secret. As {he_she} uncovers the mysteries within, {he_she} becomes the target of a malevolent force that can manipulate the very sounds of nature. Plunged into a silent nightmare, {name} must rely on {his_her} instincts and courage to survive. Whispering Woods - when silence is your only weapon.","The Marionette: Renowned puppeteer {name} {surname} finds an eerie marionette hidden in the attic of her new home, stirring something dark and unsettling within {him_her}. As {he_she} begins to lose control of {his_her} life, the marionette's influence grows stronger, terrorizing {his_her} family and friends. {name} must battle against the strings of {his_her} own mind to stop the living nightmare. The Marionette - when the puppet master becomes the puppet.",,,Female,Caucasian,Vulnerable,Innocent,Final girl
Fantasy,"In the mystical world of Avaloria, a young and daring elemental mage named {name} embarks on a perilous quest to find the fabled Phoenix Stone. Blessed with the power to control the four elements, {he_she}'s the only hope for {his_her} people against the rising tide of darkness. With every step, Elara discovers more about {his_her} mysterious past and the true scope of {his_her} abilities. Will {he_she} harness {his_her} elemental powers to save {his_her} homeland, or will {he_she} be consumed by the very forces {he_she} seeks to defeat? Join {name} as {he_she} defies the odds in this breathtaking fantasy adventure.","Deep within the enchanted forests of Everglow, a solitary and enigmatic wanderer named {name} crosses paths with a magical creature that will change {his_her} life forever. A skilled warrior with a heart of gold, {name} is forced to confront {his_her} haunted past while protecting the creature from sinister forces that seek to exploit its powers. Along the way, {he_she} learns the true meaning of friendship and the incredible power that lies within {him_her}. Embark on a thrilling journey of magic, courage, and self-discovery in this captivating fantasy film.","In the mystical realm of Solendria, a fierce dragon rider named {name} takes to the skies to defend {his_her} kingdom from an ancient and powerful enemy. Known for {his_her} unmatched bravery and unwavering loyalty, {he_she} forms an unbreakable bond with {his_her} dragon, Ember. Together, they face perilous challenges, uncover ancient secrets, and battle the forces of darkness threatening their world. Join {name} and Ember as they soar through the skies in this epic, heart-pounding fantasy film that will leave you breathless.","Amidst the enchanted lands of Luminesia, a young and talented bard named {name} is chosen by a magical harp to embark on a dangerous mission. With {his_her} soulful voice and unparalleled musical gifts, {name} must journey through treacherous lands, awaken the ancient Guardians, and restore harmony to {his_her} realm. Along the way, {he_she} discovers {his_her} true potential and the profound impact {his_her} music has on the world. Experience the power of music and the magic of friendship in this inspiring and enchanting fantasy tale.","In the hidden world of Mythania, a daring and resourceful thief named {name} is entrusted with a powerful artifact that could change the fate of {his_her} realm. Known for {his_her} quick wit and unparalleled agility, {name} must evade the relentless pursuit of a dark and powerful sorcerer who seeks to harness the artifact's power for her own sinister purposes. As {he_she} races against time, Zara uncovers the true nature of the artifact and the destiny that awaits {him_her}. Dive into a thrilling world of magic, mystery, and adventure in this exhilarating fantasy film.",Male,Caucasian,Chosen one,Magical powers,Reluctant hero
Martial Arts,"Meet {name}, a young martial arts prodigy seeking to avenge {his_her} family's wrongful death. Embark on a whirlwind adventure filled with ancient techniques, forbidden scrolls, and breathtaking fight scenes. Watch as {name} faces {his_her} greatest fears, unlocks hidden powers, and uncovers the truth about {his_her} lineage. In a world of chaos and betrayal, can one young warrior restore honor to {his_her} family name? Don't miss ""The Last Dragon Warrior"" - a tale of love, loss, and redemption.","Follow the story of {name}, a skilled martial artist and undercover agent on a dangerous mission. Infiltrating the heart of a ruthless crime syndicate, {he_she} must navigate a world of deception and betrayal. With gravity-defying stunts, edge-of-your-seat action, and heart-stopping fight sequences, ""Shadow of the Lotus"" will leave you breathless. Can {name} dismantle the organization from within and save the city from a deadly fate? Witness {his_her} journey to become the ultimate martial arts heroine.","When a ruthless gang terrorizes a small village, the fate of the people rests in the hands of {name}, a humble farmer with a hidden past. Rising from obscurity, {he_she} must embrace {his_her} destiny and reawaken the martial arts mastery {he_she} once left behind. Witness {name}'s transformation into a legendary warrior in ""Fist of the Phoenix,"" an epic tale of courage, sacrifice, and redemption. Will {he_she} be able to vanquish the evil that threatens {his_her} home and fulfill {his_her} true potential? Prepare for an unforgettable battle of wills.","Step into the world of ""The Iron Monk,"" where {name}, an orphan raised by a mysterious order of monks, discovers the truth of {his_her} heritage. As {he_she} uncovers ancient martial arts secrets, {name} must defend {his_her} temple from an onslaught of deadly enemies. With breathtaking choreography, stunning landscapes, and a heart-stirring soundtrack, ""The Iron Monk"" is an unforgettable martial arts masterpiece. Can {name} protect {his_her} home and fulfill {his_her} destiny as the chosen one? Witness the birth of a legend.","In the thrilling martial arts epic ""Swords of the Wind,"" a wandering swordsman named {name} stumbles upon a village plagued by an evil warlord. Vowing to protect the innocent and avenge the fallen, {name} embarks on a quest to defeat the merciless tyrant. Watch as {he_she} harnesses the power of the elements, performing awe-inspiring martial arts feats that defy the laws of nature. Will {name}'s mastery of the blade be enough to restore peace and justice? Journey with {him_her} on this unforgettable adventure that will leave you on the edge of your seat.",Male,Asian,Disciplined,Skilled fighter,Stoic
Western,"In a dusty, lawless frontier town, a lone gunslinger with a haunted past {name} {surname} rides in, seeking redemption. The arrival of a dangerous outlaw threatens the fragile peace, and {name} must confront {his_her} demons to save the town. As bullets fly and secrets unravel, will {name} find the redemption {he_she} seeks, or will {his_her} past drag {him_her} back into the darkness? Witness the thrilling showdown in ""Redemption's Edge.""","In the unforgiving wild west, a tough-as-nails bounty hunter, {name} ""Steelshot"" {surname}, faces {his_her} greatest challenge yet. A ruthless gang has kidnapped {his_her} sister, and {name} must rely on {his_her} wits, grit, and unerring aim to bring them to justice. Along the way, {he_she}'ll discover shocking truths and forge unexpected alliances. Don't miss the heart-pounding action in ""Steelshot's Reckoning.""","Amidst the sun-scorched plains of the old west, a mysterious preacher with a shadowy past, Reverend {name} {surname}, is on a divine mission. When {his_her} sleepy desert town is terrorized by a brutal gang, {name} takes up arms to protect the innocent. As the battle between good and evil rages, will {his_her} faith prove enough to defeat the darkness? Experience the epic tale of faith and vengeance in ""The Preacher's Fury.""","In a lawless gold-mining town, notorious gambler and quick-draw artist, {name} ""Blackjack"" {surname}, is after the biggest score of {his_her} life. When {he_she} uncovers a sinister plot that threatens the town and its newfound riches, {name} must make a choice between personal gain and the greater good. Can {he_she} outwit {his_her} enemies and save the town before the stakes are raised too high? Place your bets in ""Blackjack's Gold.""","Deep in the heart of the wild west, a grizzled and weary former lawman, {name} ""Graveyard"" {surname}, embarks on one final mission. When a deadly gang of outlaws kidnaps {his_her} estranged son, {name} must return to the life {he_she} left behind and face the dark secrets of {his_her} past. As {he_she} navigates a treacherous path to rescue {his_her} son, will {he_she} find redemption, or will the sins of the past consume {him_her}? Prepare for the emotional rollercoaster of ""Graveyard's Last Stand.""",Male,Caucasian,Rugged,Stoic,Gunslinger
Gangster,"In the gritty underbelly of New York City, {name} ""The Fist"" {surname}, a cold-hearted mob enforcer, must navigate a deadly turf war to protect {his_her} family and secure {his_her} legacy. With {his_her} steely gaze and brutal determination, no one is safe from {his_her} wrath. Can {he_she} uphold {his_her} reputation and survive the treacherous gangland? Betrayal, vengeance, and an unyielding thirst for power collide in this explosive crime saga. The Fist is coming, and {he_she}'s taking no prisoners.","Ruthless and cunning, {name} ""The Razor"" {surname} runs the streets of Chicago with an iron fist. As the city's most feared mob boss, {he_she} faces a new challenge when an ambitious rival threatens {his_her} criminal empire. Torn between loyalty and survival, {name} must outsmart {his_her} enemies and protect {his_her} blood-soaked throne. Experience a heart-pounding game of cat and mouse, where one wrong move can cost you everything. Trust no one in this high-stakes world of deception and brutality.","Las Vegas lights up with neon and sin, but beneath its glittering surface lurks a deadly secret. {name} ""Vegas"" {surname}, a suave and calculating mobster, rules the city's casinos with an unbreakable grip. When a dangerous alliance of enemies emerges, hell-bent on taking over {his_her} turf, {surname} must fight to protect {his_her} kingdom and the people {he_she} loves. Greed, loyalty, and ambition collide in this electrifying tale of power and betrayal. In this city, the house always wins.","In the shadowy streets of 1960s London, notorious gangster {name} ""The Suit"" {surname} balances {his_her} life of crime with an impeccable sense of style. But when a ruthless new gang invades {his_her} territory, {name} faces the toughest fight of {his_her} life. With {his_her} empire on the line, {he_she} must outwit and outmaneuver {his_her} enemies to keep {his_her} family safe and preserve {his_her} hard-earned legacy. Danger, deception, and double-crosses await in this stylish tale of loyalty, love, and retribution. The Suit is about to teach them a lesson they'll never forget.","In the sun-drenched streets of Miami, {name} ""La Reina"" {surname} is a force to be reckoned with. As the city's first {male_female} crime boss, {he_she} balances {his_her} ruthless ambition with a fierce dedication to {his_her} family. When a betrayal threatens everything {he_she}'s built, La Reina must do whatever it takes to protect {his_her} empire and exact revenge on those who dared to cross {him_her}. Dive into a world of luxury, power, and retribution in this thrilling gangster epic.",Male,Italian-American,Ruthless,Ambitious,Mobster
War,"Amidst the raging inferno of World War II, Captain {name} {surname}, a fearless and hardened soldier, leads a daring mission deep behind enemy lines. As they face insurmountable odds, {surname}'s unwavering determination and tactical brilliance keep the team alive. But when a devastating secret is revealed, the very fabric of their brotherhood is tested. Will {surname}'s loyalty to {his_her} men prevail, or will the cost of war be too high? The battlefield awaits in ""A Soldier's Honor.""","In the treacherous jungles of Vietnam, Sergeant {name} ""Razor"" {surname}, a skilled sharpshooter with a haunted past, fights for survival and redemption. As {his_her} unit becomes increasingly isolated, {surname} must make tough decisions in order to protect {his_her} comrades. When an unexpected ally offers a chance at salvation, {he_she} must confront {his_her} demons and choose between duty and morality. Prepare for an adrenaline-pumping journey in ""Shadows of the Jungle.""","Set in the unforgiving trenches of World War I, Private {name} {surname}, a compassionate and courageous medic, navigates the chaos of war to save lives. As the horrors around {him_her} grow, {surname} discovers an unexpected friendship that rekindles {his_her} faith in humanity. Together, they must overcome their fears and embark on a harrowing mission to prevent a catastrophic attack. Witness the power of human connection in ""Trenches of the Heart.""","In the futuristic world of 2150, Earth is ravaged by a never-ending war between human nations and advanced machines. Commander {name} {surname}, a fierce and resourceful leader, takes command of an elite resistance squad. Outnumbered and outgunned, {surname} and {his_her} team must infiltrate the machine's stronghold and disable their doomsday weapon. The fate of humanity hangs in the balance in ""Mechanical Warfare.""","Set during the brutal conflict of the Korean War, Lieutenant {name} {surname}, a cunning and patriotic South Korean officer, is sent on a covert mission to dismantle the North's secret weapon. As he infiltrates enemy territory, {surname} faces deception, betrayal, and a crisis of conscience. In a war where trust is a luxury, {surname} must make the ultimate sacrifice for {his_her} country. Experience the heart-pounding suspense in ""Line of Duty.""",Male,Caucasian,American/British,Brave,Patriotic soldier
Sports,"""Breaking Barriers"" - Follow the inspiring story of {name} {surname}, a fierce, wheelchair-bound athlete, who dreams of being the first adaptive athlete to win a gold medal at the Summer Olympics. Fueled by {his_her} unwavering determination, Jordan defies all odds and breaks down barriers in {his_her} quest for glory. Watch as {he_she} challenges society's perception of disability and redefines the true meaning of victory. Will {name}'s relentless spirit carry {him_her} to the top, or will {he_she} be held back by a world that doubts {his_her} abilities? Experience the heart-pounding journey of a fearless hero who dares to conquer the impossible.","""Against the Tide"" - Dive into the gripping tale of {name} {surname}, a fearless surfer with a troubled past, seeking redemption on the swells of the world's most dangerous waves. With nothing but his surfboard and unwavering spirit, {name} must face {his_her} inner demons and conquer the waves that nearly took {his_her} life. Witness as {he_she} sets out to prove {his_her} worth and make history in the world of big wave surfing. Can {name} rise above the odds and claim {his_her} place among the legends, or will the ocean's fury swallow {him_her} whole? Ride the waves of courage, love, and triumph in this breathtaking sports drama.","""Second Chance Striker"" - After a devastating injury sidelines {his_her} soccer career, gifted but arrogant striker {name} {surname} is given one last chance to redeem {himself_herself} in the eyes of the world. Stripped of {his_her} former glory, {he_she} must learn humility and teamwork, guided by the unorthodox coaching of an unlikely mentor. As the clock ticks down to the championship match, {name} discovers that the key to victory lies in the heart, not the scoreboard. Will {he_she} score the goal of a lifetime and reclaim {his_her} place among the greats, or will {his_her} past mistakes stand in {his_her} way? Gear up for a thrilling, emotional rollercoaster on and off the field.","""Skate or Die"" - In the gritty streets of Los Angeles, rebellious skateboarder {name} ""Phoenix"" {surname} must navigate the cutthroat world of underground skate competitions to earn a spot on the pro circuit. Facing rivals, betrayal, and {his_her} own self-doubt, Phoenix learns that success isn't just about nailing the perfect trick, but about finding {his_her} true identity. Will {he_she} rise from the ashes of {his_her} old life and soar to new heights, or will the concrete jungle claim another victim? Prepare for a high-flying, adrenaline-fueled ride that will leave you breathless.","""The Last Shot"" - When aging basketball legend {name} ""Fire"" {surname} is unexpectedly cut from the team, {he_she} must summon the courage and determination to make a comeback in the competitive world of professional basketball. As {he_she} trains under the watchful eye of a no-nonsense coach, {surname} discovers that the most significant battles are fought off the court. Can this seasoned veteran prove that age is just a number and secure {his_her} place in the hall of fame, or will {his_her} final shot at glory fall short? Experience the captivating story of a true underdog who refuses to give up on {his_her} dreams.",Male,African-American,Talented,Underdog,Overcoming adversity
Spy,"In the dark world of international espionage, Agent {name} {surname} is the best of the best. An alluring mix of elegance, intelligence, and lethal force, {he_she}'s the ultimate weapon against any threat. When a dangerous arms dealer threatens global security, {surname} goes deep undercover. Will {his_her} lethal skills and charm be enough to save the world? Prepare to be captivated by this high-stakes, adrenaline-fueled spy thriller.","When a top-secret mission goes awry, elite spy {name} {surname} finds {himself_herself} betrayed and on the run. A master of deception and manipulation, {surname} must use {his_her} cunning to survive. As {he_she} races to uncover the truth behind {his_her} betrayal, {he_she} becomes embroiled in a deadly game of cat and mouse. Trust no one and question everything in this pulse-pounding, mind-bending spy adventure.","Charismatic and enigmatic, former agent {name} {surname} is forced out of retirement for one last mission. A dangerous and shadowy criminal organization threatens to unleash chaos on the world, and only {surname} can stop them. Using {his_her} wit, charm, and deadly instincts, {he_she} must navigate a tangled web of deceit and betrayal. Get ready to be enthralled by this heart-stopping, globe-trotting spy odyssey.","When a brilliant hacker exposes a hidden world of covert operations, it's up to Agent {name} “Cassie” {surname} to set things right. A fearless, cunning spy with unmatched martial arts skills, {surname} dives headfirst into the digital underworld. As {he_she} faces off against an army of cyber mercenaries, the stakes have never been higher. Unravel the truth in this high-octane, cyber espionage thriller.","Chameleon-like and ruthlessly efficient, Agent {name} {surname} is the ultimate infiltrator. When a mysterious organization threatens to unleash a devastating weapon, {surname} goes undercover to stop them. As {he_she} becomes entangled in a complex web of intrigue, the line between friend and foe begins to blur. Hold your breath and step into the world of deception and danger with this electrifying spy thriller.",Male,Caucasian,British,Suave,Sophisticated agent
Superhero,"""Aegis: The Last Guardian""
When the last surviving member of an ancient order of guardians, Aegis, discovers {his_her} true powers, {he_she} must embrace {his_her} destiny to save a crumbling world. Skilled in martial arts and armed with an indestructible shield, Aegis faces {his_her} darkest fears. With enemies lurking in every shadow, can Aegis unite humanity and end the reign of evil? Prepare for a breathtaking adventure as Aegis fights for the future, one battle at a time.","""Nimbus: Rise of the Storm""
Nimbus, a gifted young scientist, is struck by lightning, gaining the power to control the weather and fly. As the world is plagued by natural disasters, Nimbus must step up to become the hero {he_she} was meant to be. {his_her} intellect, combined with {his_her} newfound abilities, will be put to the test against a powerful nemesis. Witness the electrifying origin of a hero as Nimbus takes to the skies to protect those in need.","""Pulse: The Speed of Justice""
In a world where crime is at an all-time high, Pulse, a former track star turned vigilante, uses {his_her} newfound super-speed to deliver justice. With an unstoppable drive and an unwavering sense of duty, Pulse races against time to prevent a deadly plot from unfolding. As {his_her} enemies close in, {he_she} must push {his_her} limits to become the fastest and most fearless hero the world has ever seen.","""Vox: Echoes of Change""
Vox, a rebellious musician with the power to manipulate sound, is thrust into the spotlight when a mysterious villain threatens {his_her} city. Using {his_her} voice to control the very fabric of reality, Vox must overcome self-doubt and learn to harness {his_her} abilities to become the hero {he_she} never thought possible. Get ready for a symphony of action as Vox faces the music and rewrites {his_her} destiny.","""Spectra: The Light Within""
Spectra, a blind artist with the extraordinary gift of seeing energy, is forced to confront {his_her} past when an ancient evil emerges. Possessing the power to manipulate light, Spectra must embrace {his_her} unique abilities to defend {his_her} city and its people. Prepare to be blinded by the brilliance of a hero who turns darkness into light, as Spectra fights to illuminate the truth and save the world.",Male,Caucasian,American,Extraordinary powers,Moral compass
Drama,"In the quiet town of Willow Creek, an emotionally scarred war veteran, {name}, struggles to find peace in {his_her} daily life. When a series of mysterious events threatens the town's stability, {name} is forced to confront {his_her} past. As {he_she} uncovers hidden truths, {he_she} finds the courage to heal and protect those {he_she} loves. ""Broken Valor"" is an inspiring journey of self-discovery, redemption, and the power of human connection.","{name}, a young and brilliant lawyer, faces {his_her} most challenging case yet, defending an innocent man wrongfully accused of a heinous crime. As {he_she} dives deeper into the investigation, {he_she} uncovers a web of corruption and deceit. With time running out and {his_her} client's life on the line, {name} must navigate a dangerous world of power and lies. ""Righteous Conviction"" is a gripping legal drama that showcases the strength of one {gender}'s unyielding pursuit of justice.","In the heart of New York City, renowned violinist {name} struggles with a crippling case of stage fright. As {he_she} grapples with self-doubt, {he_she} stumbles upon an unlikely friendship with a homeless street musician, Lily. Together, they find solace and inspiration in their shared passion for music. ""Strings of the Soul"" is a touching story of resilience, hope, and the healing power of music that transcends life's circumstances.","When Dr. {name} {surname}, a dedicated psychiatrist, takes on the case of a mute and traumatized young girl, {he_she} becomes determined to help her find her voice. As {he_she} delves into the child's tragic past, {name} must confront {his_her} own inner demons. ""Silent Whispers"" is a poignant exploration of the human spirit's capacity for healing and the transformative power of connection.","""Uncharted Waters"" follows the journey of {name}, a fearless marine biologist, as {he_she} embarks on a dangerous mission to save the world's oceans. Facing the perils of the deep and a powerful enemy determined to exploit the seas for profit, {name}'s unwavering commitment to {his_her} cause inspires hope and change. This stirring drama captures the courage and sacrifice required to protect our planet's most vital resource.",Female,Caucasian,Strong,Complex,Flawed protagonist
Mystery/Thriller,"In the shadowy alleys of a forgotten city, ex-detective {name} {surname} must confront {his_her} dark past to save {his_her} estranged daughter. With nothing but {his_her} wit and a haunted past, {name} will unravel a web of deceit that goes deeper than {he_she} ever imagined. As the stakes rise, so does the body count and {his_her} own personal demons. Time is running out, and {name} must face the truth or lose everything {he_she} holds dear. Can {he_she} overcome the darkness within and solve the mystery before it's too late?","When world-renowned criminal profiler Dr. {name} {surname} is called back to {his_her} sleepy hometown, {he_she} must face the ghosts of {his_her} past to catch a twisted serial killer. As the bodies pile up, {name} must use {his_her} keen intellect and intuition to decipher the killer's cryptic messages left at each crime scene. But the closer {he_she} gets to the truth, the more dangerous the game becomes. As {he_she} unravels the mystery, {he_she} discovers that the killer is closer than {he_she} ever imagined. Will Dr. {surname} solve the case before the killer strikes again, or will {his_her} past ultimately destroy her?","In a world of corporate espionage, freelance investigator {name} {surname} is hired to find a missing executive who holds the key to a billion-dollar secret. With every step {name} takes, {he_she} uncovers hidden agendas, betrayal, and a deadly conspiracy. As the pieces of the puzzle come together, {name} realizes {he_she}'s become the target of a ruthless assassin. In a high-stakes game of cat and mouse, can {name} stay alive long enough to reveal the truth, or will {he_she} fall victim to the deadliest of betrayals?","When a series of gruesome murders terrorizes a small town, newly-appointed {name} {surname} is determined to restore order and protect {his_her} community. As the mystery unfolds, Kate is drawn into a world of dark secrets and twisted motives. As the body count rises, {he_she} discovers that {his_her} own family may be at the heart of the terror. With everything on the line, can Kate catch the killer before they strike again or will {he_she} be forced to confront the darkness within {his_her} own soul?","In the cutthroat world of art theft, master thief and forger {name} {surname} must pull off the heist of a lifetime to save {his_her} daughter from a ruthless crime lord. As the intricate plan unfolds, {name} is forced to navigate a dangerous world of betrayal, deception, and murder. With time running out and the stakes higher than ever, {name} must outsmart {his_her} enemies and uncover the truth behind a centuries-old mystery. Can {he_she} pull off the impossible, or will {his_her} final heist cost {him_her} everything {he_she} holds dear?",Male,Caucasian,Smart,Obsessive,Detective/PI
Crime,"Underneath the glimmering lights of Las Vegas, a former con man turned private investigator, {name}, must use {his_her} sly charm and cunning wit to uncover a deadly conspiracy. When the city's most notorious criminals become {his_her} targets, {name} must navigate a treacherous underworld and face {his_her} own past. Will {he_she} be able to outsmart them all and save the day? Brace yourself for a high-stakes game of cat and mouse, where the house doesn't always win.","In the gritty streets of New York City, Detective {name} {surname} is a force to be reckoned with. As a seasoned homicide detective with a dark past, {he_she}'s determined to bring justice to the victims of the city's most heinous crimes. When a sadistic serial killer emerges, taunting the police with cryptic messages, {surname} is drawn into a twisted game of cat and mouse. Will {he_she} be able to unravel the killer's mind before more lives are lost? Prepare for a heart-pounding thriller that will keep you on the edge of your seat.","Welcome to the seedy underbelly of Miami, where the lines between the law and the criminal underworld blur. Meet {name}, a skilled but disillusioned undercover cop, tasked with infiltrating a notorious drug cartel. As {name} struggles to maintain {his_her} cover and {his_her} sanity, {he_she} discovers a dark secret at the heart of the operation. With the clock ticking and {his_her} life on the line, will {he_she} be able to bring down the cartel from within? Immerse yourself in a sun-soaked world of crime, betrayal, and redemption.","In the shadows of Los Angeles, notorious cat burglar {name} ""Black Cat"" {surname} is a living legend. With a reputation for pulling off impossible heists and disappearing without a trace, {he_she} has become the LAPD's most elusive target. When a dangerous crime lord kidnaps {his_her} younger sister, {name} must put {his_her} skills to the test in a daring rescue mission. As the stakes rise, will the Black Cat slip through the police's grasp once again, or will {he_she} finally be caught? Get ready for a high-octane thriller that will steal your breath away.","In the merciless world of London's criminal underground, no one is more feared than ""The Butcher,"" a ruthless hitman with a strict moral code. When {he_she}'s double-crossed by {his_her} employer and left for dead, The Butcher embarks on a merciless quest for vengeance. With a growing body count and the city's most dangerous criminals in {his_her} sights, {he_she}'ll stop at nothing to avenge {his_her} betrayal. Hold on tight for a brutal, no-holds-barred crime thriller that will make you question the boundaries between right and wrong.",Male,Caucasian,Clever,Ruthless,Criminal mastermind
Teen,"{name} {surname}, a quirky and endearing outcast, finds {himself_herself} in the middle of a wild treasure hunt when {he_she} accidentally uncovers a cryptic map hidden in {his_her} high school's library. With {his_her} newfound friends in town, {he_she} sets off on a daring adventure that will test their friendship and courage. Little do they know, they're not the only ones searching for the treasure. Will {name} and {his_her} crew beat their cunning rivals and find the hidden fortune? Join the crew on this thrilling quest in ""{name}'s Marvelous Map.""","{name} {surname}, an anxious, aspiring filmmaker, dreams of turning {his_her} high school experience into a memorable documentary that will land {his_her} in the best film school. With a camera as {his_her} shield, {he_she} navigates the trials and tribulations of teenage life, capturing everything from heartbreak to hilarious mishaps. Along the way, {name} discovers the true meaning of friendship and learns to embrace {his_her} own unique qualities. Don't miss ""Reel Life: {name}'s High School Saga,"" a coming-of-age story that will have you laughing, crying, and cheering for the underdog.","{name} {surname}, a fiercely independent and talented skater, has one chance to win the biggest skateboarding competition of the year – and the heart of {his_her} crush. In the process, {he_she}'ll have to break free from the expectations of {his_her} overprotective family, and find {his_her} true passion. With the help of {his_her} loyal friends, {name} discovers the power of resilience and the importance of following {his_her} heart. Get ready for gravity-defying stunts and heartwarming moments in “{name}'s Ride of a Lifetime.""","{name} {surname}, a shy and introverted bookworm, is thrust into the spotlight when {he_she}'s unexpectedly cast as the lead in {his_her} high school's musical production. As {he_she} navigates newfound fame and tackles the challenges of showbiz, {name} finds {his_her} voice and embraces {his_her} newfound confidence. Along the way, {he_she} forms bonds with {his_her} fellow cast members that will change {his_her} life forever. Experience the magic of the stage and the transformative power of friendship in ""Finding {name}: Center Stage.""","{name} {surname}, a sarcastic and quick-witted misfit, is on a mission to turn {his_her} high school's social hierarchy upside down. Armed with a master plan and a ragtag group of fellow outsiders, {name} takes on the popular crowd in a series of hilarious pranks and epic showdowns. In the end, {he_she} learns that popularity isn't everything, and that true friendship is worth more than a spot at the cool kids' table. Get ready to laugh out loud with ""{name}'s Social Rebellion.""",Female,Caucasian,High schooler,Coming of age,Social issues
Musical,"""{name}'s Last Hope"" - When the world's last remaining music is threatened to be silenced, it's up to {name}, a fiercely determined violinist with a golden heart, to restore the sound of life. As {he_she} embarks on a journey to recover the lost tunes, {name} uncovers the power of unity and love. Against all odds, {he_she} brings people together in a symphony that resonates through time. Watch as {he_she} conquers the discord and orchestrates a masterpiece that saves humanity.","""{name}'s Rebellion"" - In a dystopian world where music is illegal, {name}, a free-spirited and rebellious percussionist, dares to break the chains of conformity. Defying the oppressive regime, {he_she} unites the underground music scene, using the power of rhythm to fuel a revolution. As the beat of resistance grows stronger, {name} risks everything to bring hope and freedom to the silenced. Join {him_her} on his quest to liberate the sounds that define humanity.","""Chasing Crescendo"" - {name}, a gifted but introverted pianist, seeks to find {him_her} voice in the world of competitive classical music. As {he_she} journeys through the trials and tribulations of a prestigious music academy, {name} discovers {him_her} true calling: composing breathtaking, soul-stirring melodies. Navigating the cutthroat world of high art, {name} proves that talent and passion are the keys to unlocking the heart's greatest masterpiece.
2.","""{name}'s Mirage"" - Follow the story of {name}, a talented but disillusioned singer-songwriter, who wanders into a mystical desert town where music comes to life. With the guidance of enigmatic locals, {he_she} uncovers the town's magical secret: the power to heal through song. As {name} rediscovers {his_her} passion and purpose, {he_she}'ll enchant audiences with {his_her} mesmerizing voice and heal the wounds of those {he_she} encounters on {his_her} journey.","""Dancing with {name}"" - When {name}, an ambitious and fearless dancer, gets a once-in-a-lifetime opportunity to join a world-renowned dance troupe, {he_she} leaps into the unknown. But as {he_she} fights to prove {himself_herself} amongst the best, {he_she} discovers that the dance world is filled with jealousy, rivalry, and deception. Determined to rise above it all, {name} learns that true success comes from within, as {he_she} conquers the stage and {him_her} own self-doubt.",Female,Caucasian,Talented singer/performer,Romantic lead,
Historical,"In a time of turmoil and revolution, the young and fearless {name} rises above the chaos. An illiterate peasant {gender} who claims divine guidance, {he_she} leads an army against the English invaders. As {he_she} fights for {his_her} people and {him_her} country, {name} faces betrayal and the harshest of judgments. Witness the incredible story of the {gender} who would become a national heroine, and the legendary figure known as {name} of Arc.","In the heart of the Roman Empire, gladiator {name} {surname} stands tall amidst the blood and sand. A {gender} of honor, {he_she} fights for freedom and justice, as well as the chance to avenge {his_her} family's brutal murder. As the sands of the Colosseum run red, {name} must navigate a treacherous world of power, ambition, and deception. Prepare to be immersed in the gripping tale of a {gender} who defied an empire.","Deep in the jungles of South America, an ambitious explorer named {name} {surname} embarks on a quest to uncover a lost city. Driven by insatiable curiosity, he risks everything in search of the fabled ""City of Z"". As {he_she} ventures further into the unknown, {name} will face unimaginable dangers, and challenge the very limits of human endurance. Unearth the thrilling story of obsession, sacrifice, and the relentless pursuit of the truth.","In the vibrant world of 17th-century Amsterdam, talented young artist {name} {surname} defies convention. {he_she} struggles to make {his_her} mark in the art world. As {his_her} career begins to blossom, so does {his_her} love for fellow artist Jan, leading to a passionate and tumultuous affair. Step into a colorful tapestry of art, love, and ambition in this captivating story of a {gender} ahead of {his_her} time.","At the dawn of the American Revolution, a determined and resourceful {name} {surname} emerges as a crucial player. A polymath and inventor, {he_she} uses {his_her} genius to unite a divided people and push them towards independence. But as {surname} navigates the complexities of diplomacy, {he_she} must also grapple with personal demons and the ultimate sacrifice. Witness the incredible journey of a {gender} whose wit, wisdom, and courage helped shape a nation.",Male,Caucasian,Famous historical figure,Charismatic,Transformative leader
Indie,"In a sleepy coastal town, an enigmatic artist named {name} struggles to find {his_her} muse. {his_her} life takes an unexpected turn when {he_she} discovers a hidden underwater realm. Armed with {his_her} sketchbook and a brave heart, {name} must navigate through the mysterious depths to unlock {his_her} creative potential. As {he_she} confronts {his_her} fears, {he_she} realizes that the key to {his_her} art lies in the uncharted waters. ""Abyss of Inspiration"" dives deep into a world where imagination knows no bounds.","Meet {name}, a lonely, introverted bookstore owner who finds solace in the pages of forgotten novels. When a curious series of events leads {him_her} to a time-traveling book, {he_she}'s thrust into the lives of {his_her} favorite literary characters. As {name} journeys through the past, {he_she} uncovers stories of love, friendship, and betrayal. ""Ink in Time"" is a heartwarming tale of self-discovery and the power of human connection through literature.","Beneath the bustling streets of a modern metropolis, lives {name}, a young {gender} gifted with the ability to communicate with city wildlife. As the urban ecosystem faces a looming threat, {name} is called upon to unite {him_her} animal friends and save their home. In ""Concrete Jungle"", witness the power of unity as a courageous heroine fights for the future of {him_her} beloved city.","The world knows {him_her} as the infamous vigilante, The Night Whisperer, but behind the mask is {name}, a college dropout with a hidden past. Driven by the memory of {his_her} lost family, {name} grapples with the thin line between justice and vengeance. In ""Shadow's Edge,"" follow {name}'s descent into darkness as {he_she} battles the criminals who prowl the city's underbelly and confronts the true meaning of redemption.","Enter the realm of ""The Melody Weaver,"" where {name}, a mute {gender}, is blessed with a unique gift: the ability to create music from {his_her} fingertips. As {he_she} navigates the trials of {his_her} small village, {his_her} enchanting melodies heal broken hearts and mend shattered dreams. But when {his_her} village faces an unforeseen danger, {he_she} must find the strength to harness {his_her} powers and compose the song that will save them all. Experience a symphony of love, courage, and hope in this captivating indie gem.",Male,Caucasian,Quirky,Introverted,Unconventional
Disaster,"When a cataclysmic solar storm threatens Earth, former astronaut-turned-engineer {name} {surname} must save humanity from impending doom. With {his_her} unmatched skills and experience, {name} must assemble a team to prevent the apocalypse. Witness the race against time to save the world as they confront the greatest disaster ever faced. Brace yourself for a breathtaking journey, where the stakes are higher than ever. Can {name} {surname} and {his_her} team defy the odds and save mankind?","In the aftermath of a devastating earthquake, geologist {name} {surname} must lead a group of survivors to safety through the crumbling city. With {he_she} unique understanding of Earth's forces, {name} becomes their only hope of survival. Navigate the treacherous landscape, where every step could be their last. Uncover the untold stories of bravery and determination in the face of catastrophe. Can {name} {surname} and {he_she} group outwit nature's wrath and rebuild their lives?","When an uncharted volcanic island suddenly erupts, survival expert Dr. {name} {surname} finds {himself_herself} at the epicenter of chaos. As a deadly ash cloud engulfs the planet, Dr. {surname} must use {his_her} knowledge and resourcefulness to rescue those left behind. Witness a harrowing tale of survival, where trust is a luxury and hope is scarce. Experience the heart-pounding race against nature's fury. Will Dr. {name} {surname} and {his_her} band of survivors emerge victorious, or will the ashes claim them all?","When a sudden tsunami crashes into a coastal city, marine biologist Dr. {name} {surname} is thrown into the fight of {his_her} life. As the waters rise, {name} must use {his_her} expertise to navigate the submerged city, rescuing survivors and evading deadly underwater threats. Plunge into an underwater world where danger lurks around every corner. Hold your breath as the city fights back against the unstoppable force of nature. Can Dr. {name} {surname} rise above the tide and lead {his_her} people to safety?","As a deadly pandemic sweeps the globe, renowned virologist Dr. {name} {surname} is humanity's last hope. Racing against the clock, Dr. {surname} must develop a vaccine while battling the outbreak in {his_her} own city. Witness the ultimate fight for survival, where every decision could mean life or death. Experience the heartbreak and heroism that emerge from the shadows of disaster. Will Dr. {name} {surname} find the cure in time, or will the virus consume the world?",Male,Caucasian,American,Heroic,Scientist/engineer
Biopic,"""Rising Star"" - Witness the dazzling journey of a young, ambitious singer named {name}, as {he_she} battles adversity and defies all odds to conquer the world of music. With a powerful voice and unwavering determination, {name} becomes a symbol of hope for millions. Experience {his_her} breathtaking rise to fame, heart-wrenching setbacks, and the enduring love that fuels {his_her} resilience. Get ready for a cinematic masterpiece that will leave you inspired and believing in the power of dreams.","""The Visionary"" - Immerse yourself in the extraordinary life of Dr. {name} {surname}, a brilliant scientist who forever changed the course of human history. Faced with unspeakable tragedy, Dr. {surname} channels {his_her} pain into the development of groundbreaking technology. As {he_she} grapples with the responsibilities of {his_her} discoveries, {he_she} must navigate a world of power, politics, and sacrifice. Prepare to be riveted by the story of a genius whose work continues to shape our world.","""Against All Odds"" - Follow the incredible true story of {name} {surname}, a fearless young activist fighting for justice in a world that seems determined to silence {his_her}. Born into poverty and chaos, {name}'s unrelenting spirit propels {his_her} into the heart of a powerful movement. With an unwavering commitment to {his_her} people and their rights, {name} confronts the forces that seek to hold {his_her} back. Discover the extraordinary life of a {gender} who dared to challenge the status quo.","""The Artist's Journey"" - Delve into the vibrant world of renowned painter, {name} {surname}, as {he_she} navigates the tumultuous landscape of love, loss, and artistic expression. A master of {his_her} craft, {name}'s passion for life and art is reflected in {his_her} breathtaking creations. Through trials and triumphs, {his_her} art speaks louder than words, inspiring generations to come. Experience the captivating story of an artist who changed the world, one brushstroke at a time.","""Unbreakable Spirit"" - Be inspired by the remarkable life of Paralympic champion, {name} {surname}, who redefined the meaning of perseverance. After a life-altering accident, {name} refuses to let {his_her} circumstances define {him_her}, and with unwavering determination, {he_she} pursues {his_her} dream of athletic glory. Witness {his_her} courageous journey as {he_she} overcomes unimaginable obstacles to rise above adversity and become a symbol of hope. Unbreakable Spirit will leave you believing in the power of the human spirit.",Male,Caucasian,Famous real-life person,Inspiring,Transformative
Family,"In the whimsical town of Everbloom, young botanist {name} {surname} discovers a hidden garden filled with magical plants. As {he_she} befriends the quirky, enchanted creatures, {name} embarks on an adventure to protect their secret world from an evil developer. Prepare to root for {name} and {his_her} newfound friends as they fight to save the extraordinary garden that may hold the key to saving Everbloom. Get ready for a heartwarming, eco-friendly tale that shows the importance of conservation and the power of friendship.","Join {name} the Sloth as {he_she} embarks on an unexpected adventure to find {his_her} long-lost family. Along the way, {he_she} meets an unlikely group of animal companions, each with their own unique skills and quirks. Together, they face numerous challenges and learn the true meaning of friendship and family. In this delightful, animated adventure, audiences will fall in love with {name}'s slow but steady determination to find {his_her} place in the world.","Ten-year-old inventor-extraordinaire {name} {surname} has just built the world's first time-traveling bicycle. Join {name} and {his_her} loyal dog, Gizmo, as they pedal through history, meeting famous figures and making surprising discoveries. Can {name} use {his_her} time-traveling talents to solve the mystery of {his_her} family's past and secure their future? Get ready for a thrilling ride through the ages in this heartwarming, family-friendly adventure.","In the quiet town of Willowbrook, twelve-year-old {name} {surname} discovers {he_she} has the ability to communicate with animals. As {he_she} learns to harness {his_her} powers, {he_she} stumbles upon a hidden village of magical creatures in need of {his_her} help. {name} must rise to the challenge and save the enchanted village from a dark force that threatens their existence. Join {name} as {he_she} embarks on a journey of self-discovery and friendship in this enchanting family film.","After accidentally stumbling into a magical world, young artist {name} discovers {his_her} drawings can come to life in this colorful realm. Alongside {his_her} charming creation, Doodle, {name} sets out to find {his_her} way home while helping to restore balance in the enchanted land. With creativity as {his_her} guide, {name} learns the importance of believing in {himself_herself} and the power of imagination. Don't miss this beautifully animated, heartwarming tale perfect for the whole family.",Female,Caucasian,Nurturing,Strong-willed,Protective
Romantic Drama,"""A Timeless Rendezvous"" - Aspiring photographer {name} {surname}'s life takes an unexpected turn when {he_she} discovers a mystical camera that captures moments from the past. As {he_she} delves into the story of a 19th-century love affair, {name} finds {himself_herself} entangled with the enigmatic and captivating Edward. Can {name} piece together the past while navigating {his_her} own blossoming romance? Unravel the threads of time in this heartwarming romantic drama.","""The Melody of Chance"" - Music therapist {name} {surname} has always followed the rhythm of {him_her} heart, and now it leads {him_her} to the isolated coastal town of Everglade. There, {he_she} meets the enigmatic and talented pianist Alex, whose haunting melodies stir {him_her} soul. As their lives intertwine, will they find the harmony they've been searching for, or will their love be silenced by their own secrets? Tune in for a symphony of love and heartache in this evocative romantic drama.","""Chasing the Horizon"" - Travel writer {name} {surname} is no stranger to exploring the world, but when {he_she} finds {himself_herself} stranded in the idyllic town of Serenity Bay, {he_she} discovers a love worth staying for. As {he_she} unravels the mysteries of the enigmatic and charming Jack, {he_she} is torn between {him_her} wanderlust and {him_her} newfound love. Can they navigate their differences and find a future together, or will the horizon always be out of reach? Embark on a journey of love and self-discovery in this romantic drama.","""Echoes of the Heart"" - For renowned archaeologist Dr. {name} {surname}, unearthing ancient civilizations has always been {his_her} greatest passion. However, when {he_she} stumbles upon a mysterious artifact that connects {his_her} to a lost love from a forgotten time, {he_she} finds {himself_herself} in a race against the clock to reunite with {his_her} soulmate. Will {name} overcome the sands of time, or will fate keep them apart forever? Explore the depths of love and history in this timeless romantic drama.","""Beneath the Moonlit Sky"" - When astronomer Dr. {name} {surname} returns to {his_her} quaint hometown to witness a rare celestial event, {he_she} never expected to rekindle an old flame. As the stars align, {he_she} and {his_her} childhood sweetheart, Lucy, find themselves drawn back together, their love shining brighter than the night sky. Will they seize the moment and rewrite their own constellation, or will they let their love slip through their fingers once more? Experience the magic of love under the stars in this enchanting romantic drama.",Female,Caucasian,Sensitive,Passionate,Complex
Dance,"Swept away by the rhythm, aspiring street dancer {name} defies expectations in {his_her} pursuit of greatness. With {his_her} heart set on the prestigious dance competition, {he_she} battles against all odds to prove {his_her} worth. Join {name} as {he_she} conquers the dance floor, making friends and enemies along the way. Watch as the music consumes {his_her}, and passion fuels {his_her} every step. In ""Dancing Dreams,"" the stage is set for a breathtaking showdown you won't want to miss.","In the fast-paced world of competitive dance, former ballerina {name} rediscovers {his_her} passion for movement as {he_she} mentors a talented young dancer. As they prepare for the ultimate dance challenge, their bond grows stronger and their dreams intertwine. Witness the power of dance in ""Step by Step,"" as {name} and {his_her} protege defy the odds to chase after a shared destiny. This inspirational journey will leave you breathless, moved by the beauty of dance and the strength of the human spirit.","Set against the vibrant backdrop of New York City, ""Rhythm of the Streets"" follows the journey of {name}, a gifted hip-hop dancer who dreams of making it big. Struggling to balance {his_her} talent and the expectations of {his_her} family, {name} faces life's challenges head-on, finding solace in the underground dance scene. As {he_she} rises to stardom, {name} will learn that sometimes, the greatest battles are fought off the dance floor. Prepare for a heart-pounding, music-infused experience that will leave you dancing in your seat.","In ""Breaking Boundaries,"" a young and ambitious ballroom dancer named {name} sets out to redefine the world of dance. As {he_she} challenges tradition and pushes the limits of {his_her} craft, {he_she} inadvertently becomes a symbol of hope and change. With every whirl, twist, and step, {name}'s passion and determination will inspire the world to dance along with {his_her}. Get ready for an unforgettable tale of love, perseverance, and the power of dance.","""The Final Beat"" introduces us to {name}, a charismatic tap dancer with a troubled past. Seeking redemption and a new beginning, {he_she} finds {his_her} way to a legendary dance crew, where {his_her} true potential is unleashed. Together, they'll take on the world's biggest dance competition, determined to make history with their electrifying performances. Witness the power of second chances and the unbreakable bonds of friendship in this exhilarating dance movie that will leave you tapping your feet.",Female,Caucasian,Talented dancer,Ambitious,Overcoming adversity
Period Drama,"Amidst the turbulent backdrop of 18th century England, {name} {surname}, a fiercely independent and passionate young {gender}, defies societal expectations to find {his_her} own path. As {he_she} navigates the treacherous waters of love, power, and family, {name} discovers that one choice can change everything. Immerse yourself in a world of lush costumes, sweeping landscapes, and enthralling drama. Will {name}'s fight for {his_her} dreams lead {his_her} to love, or will {his_her} quest for a different life be {his_her} undoing?","Set in the opulent world of Victorian London, witness the tale of {name} {surname}, a brilliant and enigmatic young artist who challenges the conventions of {his_her} time. When {he_she} stumbles upon a dangerous secret, {his_her} life is forever changed. Amidst the grandeur and elegance of the era, {name} must navigate the treacherous web of society's lies and intrigue. With {his_her} heart and {his_her} future on the line, will {he_she} choose love or the pursuit of {his_her} art?","Journey back to the roaring 1920s, where {name} {surname}, an ambitious young journalist, fights for {his_her} voice amidst a world of glamour and intrigue. As {he_she} uncovers a scandal that threatens the city's elite, {name} must decide between the truth and {his_her} own safety. In a time of speakeasies, flappers, and jazz, this period drama explores the courage and determination of a {gender} who dared to challenge the status quo. Will {name} rise above the odds, or will {his_her} pursuit of justice lead to {his_her} downfall?
2.","Immerse yourself in 16th century Spain, where nobleman {name} {surname} is caught in a web of ambition, betrayal, and forbidden love. As {he_she} struggles to maintain {his_her} honor and uphold {his_her} family's legacy, {name} must choose between {his_her} duty and {his_her} heart. In a world of lavish palaces, swordplay, and political intrigue, this period drama unveils the secrets and passions of a {gender} torn between two worlds. Will {name} sacrifice {his_her} love to save {his_her} honor, or will {he_she} defy convention and change the course of history?","Step into the lavish world of 19th century France, where gifted pianist and composer {name} {surname} struggles to break free from the constraints of {his_her} aristocratic upbringing. As {he_she} challenges societal norms and defies expectations, {name} finds {himself_herself} caught between {his_her} passion for music and the weight of {his_her} family's legacy. In a time of opulence and revolutionary fervor, this period drama explores the journey of a {gender} determined to live {his_her} life on {his_her} own terms. Will {name}'s talent and defiance lead {his_her} to greatness, or will {he_she} be forever bound by the chains of tradition?",Female,Caucasian,Aristocratic,Strong-willed,Navigating social norms
Psychological Thriller,"""Deception's Web"" - When renowned psychiatrist Dr. {name} {surname} (main character) is assigned to treat a mysterious new patient, {he_she} quickly realizes that the lines between reality and delusion are dangerously blurred. As the doctor delves deeper into the patient's mind, {he_she} uncovers a web of lies, deceit, and long-buried secrets. As {his_her} own sanity begins to unravel, {name} must face {his_her} darkest fears to uncover the truth. Will {he_she} be able to escape the tangled web, or will {he_she} become another victim of deception?","""The Clockmaker's Labyrinth"" - Master clockmaker, {name} {surname} (main character), possesses a unique gift: the ability to manipulate time. When {he_she} stumbles upon a seemingly impossible murder case, {name} is drawn into a mind-bending psychological thriller that threatens to upend the very fabric of reality. As {he_she} races against the clock to solve the mystery, {he_she} finds {himself_herself} questioning everything {he_she}'s ever known. Can {he_she} unravel the labyrinth and restore balance to the world, or will time run out for {name}?","""Fractured Reflection"" - {name} {surname} (main character), a talented but haunted police detective, is called to investigate a series of gruesome killings in {his_her} once-sleepy hometown. As the bodies pile up, {name} discovers a chilling connection between the victims and {his_her} own troubled past. Desperate to unmask the killer and confront {his_her} darkest demons, {he_she} becomes entangled in a twisted game of cat-and-mouse. In a world where no one can be trusted and every reflection holds a secret, {name} must face {his_her} ultimate fear to catch the elusive killer.",,,Female,Caucasian,Intelligent,Determined,Unraveling a mystery
Coming-of-Age Drama,"Meet {name}, a quirky and introverted 16-year-old who sees the world in {his_her} own unique way. When {his_her} family moves to a small town, {he_she} finds {himself_herself} navigating the trials and tribulations of high school life. Struggling to fit in, {he_she} befriends a group of misfits who teach {his_her} the importance of self-acceptance. As {name} comes into {his_her} own, {he_she} discovers that it's not about fitting in, but standing out. ""A Beautiful Unfolding"" explores the heartfelt journey of a young {gender}  finding {his_her} place in the world.","In ""Dreamcatchers,"" we follow {name}, an ambitious and free-spirited teenager with a passion for filmmaking. As {he_she} documents the final summer before {his_her} friends leave for college, {name} uncovers hidden truths, love, and loss. As the season unfolds, each member of the group confronts the reality of growing up and the inevitable changes it brings. ""Dreamcatchers"" captures the bittersweet essence of youth as it slips away, leaving a lasting impact on the lives it touches.","""Silent Echoes"" introduces us to {name}, a deaf teenager who has spent {his_her} life feeling trapped in a world of silence. When {he_she} stumbles upon a small community theater group, {he_she} finds a new way to express {himself_herself} through the art of dance. As {name}'s world begins to open up, {he_she} learns that even the quietest of voices can make a powerful impact. With the support of {his_her} newfound friends, {name} takes the stage in a moving performance that will change {his_her} life forever. ""Silent Echoes"" is a tender exploration of self-discovery, resilience, and the power of human connection.",,,Female,African-American,Resilient,Ambitious,Navigating adolescence
Adventure Comedy,"Get ready for the adventure of a lifetime with ""The Unlikely Explorer,"" starring clumsy but lovable zoologist, Dr. {name} {surname}. When {he_she} accidentally discovers a long-lost ancient city, {name}'s world is turned upside down. Join {him_her} as {he_she} navigates booby traps, eccentric locals, and unexpected dangers with {his_her} unique blend of humor and scientific knowledge. As {name} stumbles {his_her} way through the adventure, you'll laugh, you'll gasp, and you'll realize that sometimes, heroes are found in the most unlikely places.","In ""Aloha Adventure,"" meet beach bum turned treasure hunter, {name} {surname}. After a mysterious map washes ashore on {his_her} Hawaiian island, {name} embarks on a wild escapade to uncover the secrets of a hidden treasure. Along the way, {he_she} encounters quirky characters, exotic locales, and outrageous challenges, all while trying to keep {his_her} surfboard in one piece. This side-splitting adventure comedy will have you laughing all the way to the hidden treasures of the Pacific.","Meet {name}, a quirky and lovable archaeologist with an eye for hidden treasures. When {he_she} stumbles upon a long-lost map, {name}'s world is turned upside down. Join {him_her} on a laugh-filled adventure through treacherous jungles and ancient ruins. Along the way, {name} discovers that friendship is the most precious treasure of all. Get ready for the ride of a lifetime in ""The Treasure of Laughter.""","Introducing {name}, a fearless pilot with a penchant for hilarious mishaps. When {he_she}'s entrusted with delivering a mysterious artifact to a remote island, chaos and comedy collide. Soar through the skies and dive into daring escapades in ""Airborne Antics."" Will {name} and {his_her} crew uncover the truth behind the artifact? Strap in and join the adventure that will have you laughing until the very end!","In ""The Secret of the Laughing Sphinx,"" we follow the adventures of Dr. {name} {surname}, a cunning linguist with a razor-sharp wit. When {he_she} stumbles upon a riddle hidden within the Great Sphinx, a whirlwind journey across Egypt unfolds. Brace yourself for laugh-out-loud hijinks, unexpected friendships, and a race against time. Can Dr. {surname} solve the mystery and uncover the secret before it's too late?",Female,Hispanic/Latina,Witty,Resourceful,Treasure hunter
Inspirational Drama,"""Breaking Boundaries"" – When a trailblazing pilot, {name} ""Sky"" {surname}, crashes in the remote wilderness, she must confront her deepest fears to survive. As {he_she} navigates the treacherous terrain, Sky unearths a newfound strength and determination to overcome {his_her} limits. Along {his_her} perilous journey, {he_she} encounters a group of struggling villagers, inspiring them to rise above their circumstances. Together, they embark on a daring quest to save their home and transform their lives. Witness the power of the human spirit soaring to new heights.","""The Maestro's Melody"" – A once-celebrated composer, {name} {surname}, is thrust back into the spotlight when {he_she} stumbles upon a prodigious young musician, Aria. As {name} guides Aria through the complex world of classical music, {he_she} rediscovers {his_her} own passion and purpose. Their emotional journey of self-discovery brings them closer together, as they unlock the true meaning of music and friendship. Amidst the crescendo of life's challenges, they find harmony in each other's lives. Experience the soul-stirring symphony of love, loss, and redemption.","""A Second Chance"" – Meet {name}, a fearless single {parent}, who risks it all to provide a better life for {his_her} son. Determined to escape their poverty-stricken neighborhood, {he_she} returns to college to earn {his_her} degree. As {he_she} faces adversity and doubt from those around {his_her}, {name}'s unwavering spirit drives {his_her} to defy expectations. Through {his_her} relentless pursuit of knowledge, {he_she} inspires {his_her} classmates and empowers {his_her} community to dream bigger. ""A Second Chance"" is a story of perseverance, hope, and the indomitable power of a {parent}'s love.",,,Female,Middle Eastern,Courageous,Inspiring,Social change